name,length,width,height
A la Poursuite de Cabrakan - Unlock! Short Adventures,110,70,15
Aeon's End - Une Ere Nouvelle,295,295,75
Agents Secrets (Ext. Zenith),135,60,5
Astro Knights,250,200,90
Au Loup !,135,95,35
Au-Dela des Palissades (Ext. Pagan : Le Destin de Roanoke),260,260,50
Avant Apres,280,200,40
Avocado Smash!,120,85,30
Bananagrams,230,100,90
Bellz,265,220,40
Belote - Game Tubes,230,65,65
Blanc Manger Coco 4 - La Gaule,120,95,40
Blood Rage : Augures de Midgard,210,130,40
Bubbly,110,60,30
Candy Spiders Leopards,130,130,30
Carrom Mango 66 cm,660,660,100
Cartzzle - Foules,98,70,25
Catan Duel (Princes de Catane),280,190,70
Celestia : Coup de Theatre,90,60,20
Chambres a Louer - Extension Tavernes de la Vallee Profonde,295,295,55
Chroni : L'Histoire des Arts,150,110,30
Circadiens - Ordre du Chaos,300,300,90
Clac Clac,170,130,60
Codenames (Ed. 2025),230,160,50
Deck de Boss Dragon - Hero Realms,150,80,10
Defenders of the Wild,210,210,75
Dicy Cards,180,110,40
Dixit 7 - Revelations,275,120,40
Donjons & Chatons : Aux Sources de la Miagie,210,210,20
Dragon et Fee (Ext. Carcassonne),175,125,45
Ernest et Celestine,205,205,45
Evolution,300,300,80
Expeditions (Ext. Pagan : Le Destin de Roanoke),260,260,50
Feu : Le Renard et la Vengeresse (Ext. Mage Noir),90,70,20
For A Crown,295,230,50
Gatsby,200,200,45
Hanamikoji,150,100,40
Hidden Games 9 : Traversee Mortelle,340,240,35
Hidden Roles - Extension Magic Maze,180,130,40
If You Were,190,100,70
Imagine Famille,260,260,50
Inside3 Legend - The Skull,140,137,20
IQ LINK,140,100,30
Joe Le Pendu,270,270,70
Juduku - Le Vice Ultime,190,100,65
L'Affaire du Nil (Ext. Barrage),310,220,60
L'Enclume,210,120,40
La Menace venue de l'Ocean (Ext. Syncro),95,70,20
Le Bon La Brute et Le Charmeur - Western Legends (Extension),130,110,50
Le Fer et le Feu (Ext. Pagan : Le Destin de Roanoke),120,70,10
Le Grand Bornand - Double Piste 3D (Ext. Biathlon Crystal Club),285,285,15
Le Lievre et Les Tortues,160,160,30
Legendes du Japon (Ext. Senjutsu),160,105,70
Les Chateaux de Sable de Bourgogne,260,260,80
Les Guerriers de la Terre du Milieu (Ext. La Guerre de l'Anneau),270,270,45
Les Mysteres d'Aubepine,285,150,30
Lisiere de Foret  (Ext. Foret Mixte),110,110,35
Luz,180,130,40
Maitre Makatsu,170,130,40
Manoir Magique,160,160,50
Middle Ages,280,190,65
Mindo - Chats,120,80,40
Missions (Ext. Terraforming Mars - Le Jeu de Des),160,110,20
Multiplodingo,95,95,30
Munchkin 6 : Le Donjon de la Farce,120,100,20
Mytikas,260,260,60
Obey Collage - Jeu de 54 Cartes - Theory11,90,70,20
Osmooz - Defis a 2,180,90,30
Paris / New York Extension Tramways,310,210,10
Parlopiaf,170,130,45
Pentago Bois,250,250,55
Perplexus Mandalorien,260,230,200
Perplexus Rubik's Fusion 3*3,225,205,105
Petits Soldats,210,210,60
Ponts et Chateaux (Ext. Carcassonne),175,125,45
Raise,240,170,40
Skip-Bo,185,95,20
Sound Box,230,160,50
Speculaas,235,160,45
Spirit Island (4eme Edition),290,290,80
Star Realms - Coffret Galactique,380,220,110
Star Wars - Jeu de 54 Cartes - Theory11,90,70,20
Star Wars Legion : Rebel Troopers,200,170,65
Story Box Polar,150,105,30
Suspects Pocket : Hors Jeu a Liverpool,140,100,35
Taco Plush Bouc Cheese Pizza,270,200,70
Tag Team : 2 Vs 2 (Ext. Mindbug),105,65,15
The Blah Blah Box,150,110,70
Tic Tac Boum,220,100,80
Time's Up! Party - Jaune,155,105,105
Tiny Epic Dinosaurs,180,120,40
Top Ten,195,150,45
Tres Fute Kids,180,130,40
Tribute - Jouez avec le Diable,250,170,35
Triolet,360,230,40
Unlock! 14 : Enchanted Adventures,275,215,65
Unlock! Escape Geeks : Echappe-toi du Labyrinthe,210,145,20
Upstairs Downstairs (Ext. Obsession),300,300,40
Wave,140,95,30
Wingspan Pack Fan Art,260,100,40
